Contaminant,Commodity,Contaminant Level Type,Level,Reference,Link to Reference,Notes
" 3-Monochloropropane-1,2-Diol (3-MCPD)"," Acid-hydrolyzed protein and Asian-style sauces"," Guidance Level"," 1 ppm"," CPG 500.500"," https://www.fda.gov/regulatory-information/search-fda-guidance-documents/cpg-sec-500500-guidance-levels-3-mcpd-3-chloro-12-propanediol-acid-hydrolyzed-protein-and-asian",
" Dimethylnitrosamine (nitrosodimethylamine)"," Barley malt"," Action Level"," 10 ppb"," CPG�578.500"," https://www.fda.gov/regulatory-information/search-fda-guidance-documents/cpg-sec-578500-dimethylnitrosamine-dmna-barley-malt",
" Dimethylnitrosamine (nitrosodimethylamine)"," Malt beverages"," Action Level"," 5 ppb"," CPG 510.600"," https://www.fda.gov/regulatory-information/search-fda-guidance-documents/cpg-sec-510600-dimethylnitrosamine-malt-beverages",
" Hypoglycin A"," Canned ackee, frozen ackee, and other ackee products"," Guidance Level"," 100 ppm"," CPG 550.050"," https://www.fda.gov/regulatory-information/search-fda-guidance-documents/cpg-sec-550050-canned-ackee-frozen-ackee-and-other-ackee-products-hypoglycin-toxin",
" Methanol (Methyl Alcohol)"," Imported brandy"," Action Level"," 0.35%"," CPG�510.200"," https://www.fda.gov/regulatory-information/search-fda-guidance-documents/cpg-sec-510200-brandy-containing-methyl-alcohol-food-additive",
" N-Nitrosamines"," Rubber baby bottle nipples"," Action Level"," 10 ppb"," CPG�500.450"," https://www.fda.gov/regulatory-information/search-fda-guidance-documents/cpg-sec-500450-volatile-n-nitrosamines-rubber-baby-bottle-nipples",
" Polychlorinated Biphenyls (PCB's)"," Red meat"," Action Level"," 3 ppm (fat basis)"," CPG�565.200"," https://www.fda.gov/regulatory-information/search-fda-guidance-documents/cpg-sec-565200-red-meat-adulterated-pcbs",
" Polychlorinated Biphenyls (PCB's)"," Milk"," Tolerance"," 1.5 ppm (fat basis)"," 21 CFR 109.30"," https://www.ecfr.gov/current/title-21/section-109.30",
" Polychlorinated Biphenyls (PCB's)"," Manufactured dairy product"," Tolerance"," 1.5 ppm (fat basis)"," 21 CFR 109.30"," https://www.ecfr.gov/current/title-21/section-109.30",
" Polychlorinated Biphenyls (PCB's)"," Poultry"," Tolerance"," 3 ppm (fat basis)"," 21 CFR 109.30"," https://www.ecfr.gov/current/title-21/section-109.30",
" Polychlorinated Biphenyls (PCB's)"," Eggs"," Tolerance"," 0.3 ppm"," 21 CFR 109.30"," https://www.ecfr.gov/current/title-21/section-109.30",
" Polychlorinated Biphenyls (PCB's)"," Fish and shellfish (edible portion)"," Tolerance"," 2 ppm"," 21 CFR 109.30"," https://www.ecfr.gov/current/title-21/section-109.30",
" Polychlorinated Biphenyls (PCB's)"," Infant and junior foods"," Tolerance"," 0.2 ppm"," 21 CFR 109.30"," https://www.ecfr.gov/current/title-21/section-109.30",
" Polychlorinated Biphenyls (PCB's)"," Paper food-packaging material intended for or used with human food"," Tolerance"," 10 ppm"," 21 CFR 109.30"," https://www.ecfr.gov/current/title-21/section-109.30",
" Aflatoxins, total"," Brazil nuts"," Action Level"," 20 ppb"," CPG 570.200"," https://www.fda.gov/regulatory-information/search-fda-guidance-documents/cpg-sec-570200-aflatoxins-brazil-nuts",
" Aflatoxins, total"," Foods"," Action Level"," 20 ppb"," CPG�555.400"," https://www.fda.gov/regulatory-information/search-fda-guidance-documents/cpg-sec-555400-aflatoxins-human-food",
" Aflatoxin, M1"," Milk"," Action Level"," 0.5 ppb"," CPG 527.400"," https://www.fda.gov/regulatory-information/search-fda-guidance-documents/cpg-sec-527400-whole-milk-lowfat-milk-skim-milk-aflatoxin-m1",
" Aflatoxins, total"," Peanuts and peanut products"," Action Level"," 20 ppb"," CPG 570.375"," https://www.fda.gov/regulatory-information/search-fda-guidance-documents/cpg-sec-570375-aflatoxins-peanuts-and-peanut-products",
" Aflatoxins, total"," Pistachio nuts"," Action Level"," 20 ppb"," CPG 570.500�"," https://www.fda.gov/regulatory-information/search-fda-guidance-documents/cpg-sec-570500-aflatoxins-pistachio-nuts",
" Deoxynivalenol (DON)"," Finished wheat products, e.g. flour, bran, and germ, that may potentially be consumed by humans"," Advisory Level"," 1 ppm�"," Guidance for Industry and FDA: Advisory Levels for Deoxynivalenol (DON) in Finished Wheat Products for Human Consumption and Grains and Grain By-Products used for Animal Feed"," https://www.fda.gov/regulatory-information/search-fda-guidance-documents/guidance-industry-and-fda-advisory-levels-deoxynivalenol-don-finished-wheat-products-human",
" Fumonisins, total"," Cleaned corn intended for masa production"," Recommended Maximum Level"," 4 ppm"," Guidance for Industry: Fumonisin Levels in Human Foods and Animal Feeds"," https://www.fda.gov/regulatory-information/search-fda-guidance-documents/guidance-industry-fumonisin-levels-human-foods-and-animal-feeds",
" Fumonisins, total"," Cleaned corn intended for popcorn"," Recommended Maximum Level"," 3 ppm"," Guidance for Industry: Fumonisin Levels in Human Foods and Animal Feeds"," https://www.fda.gov/regulatory-information/search-fda-guidance-documents/guidance-industry-fumonisin-levels-human-foods-and-animal-feeds",
" Fumonisins, total"," Degermed dry milled corn products (e.g., flaking grits, corn grits, corn meal, corn flour with fat content of < 2.25% dry weight basis)"," Recommended Maximum Level"," 2 ppm"," Guidance for Industry: Fumonisin Levels in Human Foods and Animal Feeds"," https://www.fda.gov/regulatory-information/search-fda-guidance-documents/guidance-industry-fumonisin-levels-human-foods-and-animal-feeds",
" Fumonisins, total"," Dry milled corn bran"," Recommended Maximum Level"," 4 ppm"," Guidance for Industry: Fumonisin Levels in Human Foods and Animal Feeds"," https://www.fda.gov/regulatory-information/search-fda-guidance-documents/guidance-industry-fumonisin-levels-human-foods-and-animal-feeds",
" Fumonisins, total"," Whole or partially degermed dry milled corn products (e.g., flaking grits, corn grits, corn meal, corn flour with fat content of�>�2.25 %, dry weight basis)"," Recommended Maximum Level"," 4 ppm"," Guidance for Industry: Fumonisin Levels in Human Foods and Animal Feeds"," https://www.fda.gov/regulatory-information/search-fda-guidance-documents/guidance-industry-fumonisin-levels-human-foods-and-animal-feeds",
" Patulin"," Apple juice, apple juice concentrates, and apple juice products"," Action Level"," 50 ppb"," CPG 510.150"," https://www.fda.gov/regulatory-information/search-fda-guidance-documents/cpg-sec-510150-apple-juice-apple-juice-concentrates-and-apple-juice-products-adulteration-patulin",
" Aldrin & Dieldrin"," Alfalfa"," Action Level"," 0.03 ppm"," CPG�575.100"," https://www.fda.gov/regulatory-information/search-fda-guidance-documents/cpg-sec-575100-pesticide-residues-food-and-feed-enforcement-criteria",
" Aldrin & Dieldrin"," Animal feed, processed"," Action Level"," 0.03 ppm"," CPG�575.100"," https://www.fda.gov/regulatory-information/search-fda-guidance-documents/cpg-sec-575100-pesticide-residues-food-and-feed-enforcement-criteria",
" Aldrin & Dieldrin"," Artichokes"," Action Level"," 0.05 ppm"," CPG�575.100"," https://www.fda.gov/regulatory-information/search-fda-guidance-documents/cpg-sec-575100-pesticide-residues-food-and-feed-enforcement-criteria",
" Aldrin & Dieldrin"," Asparagus"," Action Level"," 0.03 ppm"," CPG�575.100"," https://www.fda.gov/regulatory-information/search-fda-guidance-documents/cpg-sec-575100-pesticide-residues-food-and-feed-enforcement-criteria",
" Aldrin & Dieldrin"," Bananas"," Action Level"," 0.02 ppm"," CPG�575.100"," https://www.fda.gov/regulatory-information/search-fda-guidance-documents/cpg-sec-575100-pesticide-residues-food-and-feed-enforcement-criteria",
" Aldrin & Dieldrin"," Beet tops (garden and sugar)"," Action Level"," 0.05 ppm"," CPG�575.100"," https://www.fda.gov/regulatory-information/search-fda-guidance-documents/cpg-sec-575100-pesticide-residues-food-and-feed-enforcement-criteria",
" Aldrin & Dieldrin"," Beets (garden and sugar)"," Action Level"," 0.1 ppm"," CPG�575.100"," https://www.fda.gov/regulatory-information/search-fda-guidance-documents/cpg-sec-575100-pesticide-residues-food-and-feed-enforcement-criteria",
" Aldrin & Dieldrin"," Broccoli"," Action Level"," 0.03 ppm"," CPG�575.100"," https://www.fda.gov/regulatory-information/search-fda-guidance-documents/cpg-sec-575100-pesticide-residues-food-and-feed-enforcement-criteria",
" Aldrin & Dieldrin"," Brussel sprouts"," Action Level"," 0.03 ppm"," CPG�575.100"," https://www.fda.gov/regulatory-information/search-fda-guidance-documents/cpg-sec-575100-pesticide-residues-food-and-feed-enforcement-criteria",
" Aldrin & Dieldrin"," Bulb vegetables"," Action Level"," 0.1 ppm"," CPG�575.100"," https://www.fda.gov/regulatory-information/search-fda-guidance-documents/cpg-sec-575100-pesticide-residues-food-and-feed-enforcement-criteria",
" Benzene Hexachloride (BHC)"," Animal feed, processed"," Action Level"," 0.05 ppm"," CPG�575.100"," https://www.fda.gov/regulatory-information/search-fda-guidance-documents/cpg-sec-575100-pesticide-residues-food-and-feed-enforcement-criteria",
" Benzene Hexachloride (BHC)"," Apples"," Action Level"," 0.05 ppm"," CPG�575.100"," https://www.fda.gov/regulatory-information/search-fda-guidance-documents/cpg-sec-575100-pesticide-residues-food-and-feed-enforcement-criteria",
" Benzene Hexachloride (BHC)"," Asparagus"," Action Level"," 0.05 ppm"," CPG�575.100"," https://www.fda.gov/regulatory-information/search-fda-guidance-documents/cpg-sec-575100-pesticide-residues-food-and-feed-enforcement-criteria",
" Benzene Hexachloride (BHC)"," Avocadoes"," Action Level"," 0.05 ppm"," CPG�575.100"," https://www.fda.gov/regulatory-information/search-fda-guidance-documents/cpg-sec-575100-pesticide-residues-food-and-feed-enforcement-criteria",
" Benzene Hexachloride (BHC)"," Beans"," Action Level"," 0.05 ppm"," CPG�575.100"," https://www.fda.gov/regulatory-information/search-fda-guidance-documents/cpg-sec-575100-pesticide-residues-food-and-feed-enforcement-criteria",
" Benzene Hexachloride (BHC)"," Brassica�(cole) leafy vegetables (except broccoli raab, and rape greens)"," Action Level"," 0.05 ppm"," CPG�575.100"," https://www.fda.gov/regulatory-information/search-fda-guidance-documents/cpg-sec-575100-pesticide-residues-food-and-feed-enforcement-criteria",
" Benzene Hexachloride (BHC)"," Carrots"," Action Level"," 0.3 ppm"," CPG�575.100"," https://www.fda.gov/regulatory-information/search-fda-guidance-documents/cpg-sec-575100-pesticide-residues-food-and-feed-enforcement-criteria",
" Benzene Hexachloride (BHC)"," Celery"," Action Level"," 0.05 ppm"," CPG�575.100"," https://www.fda.gov/regulatory-information/search-fda-guidance-documents/cpg-sec-575100-pesticide-residues-food-and-feed-enforcement-criteria",
" Aldrin & Dieldrin"," Cabbage"," Action Level"," 0.03 ppm"," CPG�575.100"," https://www.fda.gov/regulatory-information/search-fda-guidance-documents/cpg-sec-575100-pesticide-residues-food-and-feed-enforcement-criteria",
" Aldrin & Dieldrin"," Carrots"," Action Level"," 0.1 ppm"," CPG�575.100"," https://www.fda.gov/regulatory-information/search-fda-guidance-documents/cpg-sec-575100-pesticide-residues-food-and-feed-enforcement-criteria",
" Aldrin & Dieldrin"," Cauliflower"," Action Level"," 0.03 ppm"," CPG�575.100"," https://www.fda.gov/regulatory-information/search-fda-guidance-documents/cpg-sec-575100-pesticide-residues-food-and-feed-enforcement-criteria",
" Aldrin & Dieldrin"," Celery"," Action Level"," 0.03 ppm"," CPG�575.100"," https://www.fda.gov/regulatory-information/search-fda-guidance-documents/cpg-sec-575100-pesticide-residues-food-and-feed-enforcement-criteria",
" Aldrin & Dieldrin"," Cereal grains (except buckwheat, millet, teosinte, and wild rice)"," Action Level"," 0.02 ppm"," CPG�575.100"," https://www.fda.gov/regulatory-information/search-fda-guidance-documents/cpg-sec-575100-pesticide-residues-food-and-feed-enforcement-criteria",
" Aldrin & Dieldrin"," Clover"," Action Level"," 0.03 ppm"," CPG�575.100"," https://www.fda.gov/regulatory-information/search-fda-guidance-documents/cpg-sec-575100-pesticide-residues-food-and-feed-enforcement-criteria",
" Aldrin & Dieldrin"," Collards"," Action Level"," 0.05 ppm"," CPG�575.100"," https://www.fda.gov/regulatory-information/search-fda-guidance-documents/cpg-sec-575100-pesticide-residues-food-and-feed-enforcement-criteria",
" Aldrin & Dieldrin"," Cowpea hay"," Action Level"," 0.03 ppm"," CPG�575.100"," https://www.fda.gov/regulatory-information/search-fda-guidance-documents/cpg-sec-575100-pesticide-residues-food-and-feed-enforcement-criteria",
" Aldrin & Dieldrin"," Cucumbers"," Action Level"," 0.1 ppm"," CPG�575.100"," https://www.fda.gov/regulatory-information/search-fda-guidance-documents/cpg-sec-575100-pesticide-residues-food-and-feed-enforcement-criteria",
" Aldrin & Dieldrin"," Eggplant"," Action Level"," 0.05 ppm"," CPG�575.100"," https://www.fda.gov/regulatory-information/search-fda-guidance-documents/cpg-sec-575100-pesticide-residues-food-and-feed-enforcement-criteria",
" Aldrin & Dieldrin"," Eggs"," Action Level"," 0.03 ppm"," CPG�575.100"," https://www.fda.gov/regulatory-information/search-fda-guidance-documents/cpg-sec-575100-pesticide-residues-food-and-feed-enforcement-criteria",
" Aldrin & Dieldrin"," Endive (escarole)"," Action Level"," 0.05 ppm"," CPG�575.100"," https://www.fda.gov/regulatory-information/search-fda-guidance-documents/cpg-sec-575100-pesticide-residues-food-and-feed-enforcement-criteria",
" Aldrin & Dieldrin"," Fats and oils (animal feed)"," Action Level"," 0.3 ppm"," CPG�575.100"," https://www.fda.gov/regulatory-information/search-fda-guidance-documents/cpg-sec-575100-pesticide-residues-food-and-feed-enforcement-criteria",
" Aldrin & Dieldrin"," Figs"," Action Level"," 0.05 ppm"," CPG�575.100"," https://www.fda.gov/regulatory-information/search-fda-guidance-documents/cpg-sec-575100-pesticide-residues-food-and-feed-enforcement-criteria",
" Aldrin & Dieldrin"," Fish (edible portion)"," Action Level"," 0.3 ppm"," CPG�575.100"," https://www.fda.gov/regulatory-information/search-fda-guidance-documents/cpg-sec-575100-pesticide-residues-food-and-feed-enforcement-criteria",
" Aldrin & Dieldrin"," Forage, fodder and straw of cereal grains (except those of millet, teosinte, and wild rice)"," Action Level"," 0.03 ppm"," CPG�575.100"," https://www.fda.gov/regulatory-information/search-fda-guidance-documents/cpg-sec-575100-pesticide-residues-food-and-feed-enforcement-criteria"," The 1995 print edition of the CPG erroneously listed the action level as 0.3 ppm and the error was incorporated in some subsequent versions of the CPG.  We are correcting the error in this tool."
" Aldrin & Dieldrin"," Grapefruit"," Action Level"," 0.02 ppm"," CPG�575.100"," https://www.fda.gov/regulatory-information/search-fda-guidance-documents/cpg-sec-575100-pesticide-residues-food-and-feed-enforcement-criteria",
" Aldrin & Dieldrin"," Hay"," Action Level"," 0.03 ppm"," CPG�575.100"," https://www.fda.gov/regulatory-information/search-fda-guidance-documents/cpg-sec-575100-pesticide-residues-food-and-feed-enforcement-criteria",
" Aldrin & Dieldrin"," Horseradish"," Action Level"," 0.1 ppm"," CPG�575.100"," https://www.fda.gov/regulatory-information/search-fda-guidance-documents/cpg-sec-575100-pesticide-residues-food-and-feed-enforcement-criteria",
" Aldrin & Dieldrin"," Kale"," Action Level"," 0.05 ppm"," CPG�575.100"," https://www.fda.gov/regulatory-information/search-fda-guidance-documents/cpg-sec-575100-pesticide-residues-food-and-feed-enforcement-criteria",
" Aldrin & Dieldrin"," Kohlrabi"," Action Level"," 0.05 ppm"," CPG�575.100"," https://www.fda.gov/regulatory-information/search-fda-guidance-documents/cpg-sec-575100-pesticide-residues-food-and-feed-enforcement-criteria",
" Aldrin & Dieldrin"," Legume vegetables (except guar, jackbeans, lablab beans, and lentils)"," Action Level"," 0.05 ppm"," CPG�575.100"," https://www.fda.gov/regulatory-information/search-fda-guidance-documents/cpg-sec-575100-pesticide-residues-food-and-feed-enforcement-criteria",
" Aldrin & Dieldrin"," Lemons"," Action Level"," 0.02 ppm"," CPG�575.100"," https://www.fda.gov/regulatory-information/search-fda-guidance-documents/cpg-sec-575100-pesticide-residues-food-and-feed-enforcement-criteria",
" Aldrin & Dieldrin"," Lespedeza"," Action Level"," 0.03 ppm"," CPG�575.100"," https://www.fda.gov/regulatory-information/search-fda-guidance-documents/cpg-sec-575100-pesticide-residues-food-and-feed-enforcement-criteria",
" Aldrin & Dieldrin"," Lettuce"," Action Level"," 0.03 ppm"," CPG�575.100"," https://www.fda.gov/regulatory-information/search-fda-guidance-documents/cpg-sec-575100-pesticide-residues-food-and-feed-enforcement-criteria",
" Aldrin & Dieldrin"," Limes"," Action Level"," 0.02 ppm"," CPG�575.100"," https://www.fda.gov/regulatory-information/search-fda-guidance-documents/cpg-sec-575100-pesticide-residues-food-and-feed-enforcement-criteria",
" Aldrin & Dieldrin"," Mangoes"," Action Level"," 0.03 ppm"," CPG�575.100"," https://www.fda.gov/regulatory-information/search-fda-guidance-documents/cpg-sec-575100-pesticide-residues-food-and-feed-enforcement-criteria",
" Aldrin & Dieldrin"," Melons"," Action Level"," 0.1 ppm"," CPG�575.100"," https://www.fda.gov/regulatory-information/search-fda-guidance-documents/cpg-sec-575100-pesticide-residues-food-and-feed-enforcement-criteria",
" Aldrin & Dieldrin"," Milk"," Action Level"," 0.3 ppm (fat basis)"," CPG�575.100"," https://www.fda.gov/regulatory-information/search-fda-guidance-documents/cpg-sec-575100-pesticide-residues-food-and-feed-enforcement-criteria",
" Aldrin & Dieldrin"," Mustard greens"," Action Level"," 0.05 ppm"," CPG�575.100"," https://www.fda.gov/regulatory-information/search-fda-guidance-documents/cpg-sec-575100-pesticide-residues-food-and-feed-enforcement-criteria",
" Aldrin & Dieldrin"," Oranges"," Action Level"," 0.02 ppm"," CPG�575.100"," https://www.fda.gov/regulatory-information/search-fda-guidance-documents/cpg-sec-575100-pesticide-residues-food-and-feed-enforcement-criteria",
" Aldrin & Dieldrin"," Parsnips"," Action Level"," 0.1 ppm"," CPG�575.100"," https://www.fda.gov/regulatory-information/search-fda-guidance-documents/cpg-sec-575100-pesticide-residues-food-and-feed-enforcement-criteria",
" Aldrin & Dieldrin"," Pea"," Action Level"," 0.03 ppm"," CPG�575.100"," https://www.fda.gov/regulatory-information/search-fda-guidance-documents/cpg-sec-575100-pesticide-residues-food-and-feed-enforcement-criteria",
" Aldrin & Dieldrin"," Peaches"," Action Level"," 0.02 ppm"," CPG�575.100"," https://www.fda.gov/regulatory-information/search-fda-guidance-documents/cpg-sec-575100-pesticide-residues-food-and-feed-enforcement-criteria",
" Aldrin & Dieldrin"," Peanut hay"," Action Level"," 0.03 ppm"," CPG�575.100"," https://www.fda.gov/regulatory-information/search-fda-guidance-documents/cpg-sec-575100-pesticide-residues-food-and-feed-enforcement-criteria",
" Aldrin & Dieldrin"," Peanuts"," Action Level"," 0.05 ppm"," CPG�575.100"," https://www.fda.gov/regulatory-information/search-fda-guidance-documents/cpg-sec-575100-pesticide-residues-food-and-feed-enforcement-criteria",
" Aldrin & Dieldrin"," Peppers"," Action Level"," 0.05 ppm"," CPG�575.100"," https://www.fda.gov/regulatory-information/search-fda-guidance-documents/cpg-sec-575100-pesticide-residues-food-and-feed-enforcement-criteria",
" Aldrin & Dieldrin"," Pimentos"," Action Level"," 0.05 ppm"," CPG�575.100"," https://www.fda.gov/regulatory-information/search-fda-guidance-documents/cpg-sec-575100-pesticide-residues-food-and-feed-enforcement-criteria",
" Aldrin & Dieldrin"," Pineapple"," Action Level"," 0.03 ppm"," CPG�575.100"," https://www.fda.gov/regulatory-information/search-fda-guidance-documents/cpg-sec-575100-pesticide-residues-food-and-feed-enforcement-criteria",
" Aldrin & Dieldrin"," Pome fruits (except crabapples and loquats)"," Action Level"," 0.03 ppm"," CPG�575.100"," https://www.fda.gov/regulatory-information/search-fda-guidance-documents/cpg-sec-575100-pesticide-residues-food-and-feed-enforcement-criteria",
" Aldrin & Dieldrin"," Potatoes"," Action Level"," 0.1 ppm"," CPG�575.100"," https://www.fda.gov/regulatory-information/search-fda-guidance-documents/cpg-sec-575100-pesticide-residues-food-and-feed-enforcement-criteria",
" Aldrin & Dieldrin"," Radish tops"," Action Level"," 0.03 ppm"," CPG�575.100"," https://www.fda.gov/regulatory-information/search-fda-guidance-documents/cpg-sec-575100-pesticide-residues-food-and-feed-enforcement-criteria",
" Aldrin & Dieldrin"," Radishes"," Action Level"," 0.1 ppm"," CPG�575.100"," https://www.fda.gov/regulatory-information/search-fda-guidance-documents/cpg-sec-575100-pesticide-residues-food-and-feed-enforcement-criteria",
" Aldrin & Dieldrin"," Rutabagas"," Action Level"," 0.1 ppm"," CPG�575.100"," https://www.fda.gov/regulatory-information/search-fda-guidance-documents/cpg-sec-575100-pesticide-residues-food-and-feed-enforcement-criteria",
" Chlordecone (trade name Kepone)"," Crabmeat"," Action Level"," 0.4 ppm"," CPG�575.100"," https://www.fda.gov/regulatory-information/search-fda-guidance-documents/cpg-sec-575100-pesticide-residues-food-and-feed-enforcement-criteria",
" Chlordecone (trade name Kepone)"," Fish"," Action Level"," 0.3 ppm"," CPG�575.100"," https://www.fda.gov/regulatory-information/search-fda-guidance-documents/cpg-sec-575100-pesticide-residues-food-and-feed-enforcement-criteria",
" Aldrin & Dieldrin"," Salsify roots"," Action Level"," 0.1 ppm"," CPG�575.100"," https://www.fda.gov/regulatory-information/search-fda-guidance-documents/cpg-sec-575100-pesticide-residues-food-and-feed-enforcement-criteria",
" Aldrin & Dieldrin"," Salsify tops"," Action Level"," 0.05 ppm"," CPG�575.100"," https://www.fda.gov/regulatory-information/search-fda-guidance-documents/cpg-sec-575100-pesticide-residues-food-and-feed-enforcement-criteria",
" Aldrin & Dieldrin"," Small fruits and berries"," Action Level"," 0.05 ppm"," CPG�575.100"," https://www.fda.gov/regulatory-information/search-fda-guidance-documents/cpg-sec-575100-pesticide-residues-food-and-feed-enforcement-criteria",
" Aldrin & Dieldrin"," Soybean hay"," Action Level"," 0.03 ppm"," CPG�575.100"," https://www.fda.gov/regulatory-information/search-fda-guidance-documents/cpg-sec-575100-pesticide-residues-food-and-feed-enforcement-criteria",
" Aldrin & Dieldrin"," Spinach"," Action Level"," 0.05 ppm"," CPG�575.100"," https://www.fda.gov/regulatory-information/search-fda-guidance-documents/cpg-sec-575100-pesticide-residues-food-and-feed-enforcement-criteria",
" Aldrin & Dieldrin"," Squash"," Action Level"," 0.1 ppm"," CPG�575.100"," https://www.fda.gov/regulatory-information/search-fda-guidance-documents/cpg-sec-575100-pesticide-residues-food-and-feed-enforcement-criteria",
" Aldrin & Dieldrin"," Stone fruits (except chickasaw, damson, japanese plums, and peaches)"," Action Level"," 0.03 ppm"," CPG�575.100"," https://www.fda.gov/regulatory-information/search-fda-guidance-documents/cpg-sec-575100-pesticide-residues-food-and-feed-enforcement-criteria"," The 1996 print edition of the CPG erroneously listed the action level as 0.3 ppm and the error was incorporated in some subsequent versions of the CPG.  We are correcting the error in this tool."
" Aldrin & Dieldrin"," Sugarbeet pulp (animal feed)"," Action Level"," 0.1 ppm"," CPG�575.100"," https://www.fda.gov/regulatory-information/search-fda-guidance-documents/cpg-sec-575100-pesticide-residues-food-and-feed-enforcement-criteria",
" Aldrin & Dieldrin"," Sweet potatoes"," Action Level"," 0.1 ppm"," CPG�575.100"," https://www.fda.gov/regulatory-information/search-fda-guidance-documents/cpg-sec-575100-pesticide-residues-food-and-feed-enforcement-criteria",
" Aldrin & Dieldrin"," Swiss chard"," Action Level"," 0.05 ppm"," CPG�575.100"," https://www.fda.gov/regulatory-information/search-fda-guidance-documents/cpg-sec-575100-pesticide-residues-food-and-feed-enforcement-criteria",
" Aldrin & Dieldrin"," Tangerines"," Action Level"," 0.02 ppm"," CPG�575.100"," https://www.fda.gov/regulatory-information/search-fda-guidance-documents/cpg-sec-575100-pesticide-residues-food-and-feed-enforcement-criteria",
" Aldrin & Dieldrin"," Tomatoes"," Action Level"," 0.05 ppm"," CPG�575.100"," https://www.fda.gov/regulatory-information/search-fda-guidance-documents/cpg-sec-575100-pesticide-residues-food-and-feed-enforcement-criteria",
" Aldrin & Dieldrin"," Turnip tops"," Action Level"," 0.05 ppm"," CPG�575.100"," https://www.fda.gov/regulatory-information/search-fda-guidance-documents/cpg-sec-575100-pesticide-residues-food-and-feed-enforcement-criteria",
" Aldrin & Dieldrin"," Turnips"," Action Level"," 0.1 ppm"," CPG�575.100"," https://www.fda.gov/regulatory-information/search-fda-guidance-documents/cpg-sec-575100-pesticide-residues-food-and-feed-enforcement-criteria",
" Chlordane"," Animal fat, rendered"," Action Level"," 0.3 ppm"," CPG�575.100"," https://www.fda.gov/regulatory-information/search-fda-guidance-documents/cpg-sec-575100-pesticide-residues-food-and-feed-enforcement-criteria",
" Chlordane"," Animal feed, processed"," Action Level"," 0.1 ppm"," CPG�575.100"," https://www.fda.gov/regulatory-information/search-fda-guidance-documents/cpg-sec-575100-pesticide-residues-food-and-feed-enforcement-criteria",
" Chlordane"," Asparagus"," Action Level"," 0.1 ppm"," CPG�575.100"," https://www.fda.gov/regulatory-information/search-fda-guidance-documents/cpg-sec-575100-pesticide-residues-food-and-feed-enforcement-criteria",
" Chlordane"," Bananas"," Action Level"," 0.1 ppm"," CPG�575.100"," https://www.fda.gov/regulatory-information/search-fda-guidance-documents/cpg-sec-575100-pesticide-residues-food-and-feed-enforcement-criteria",
" Chlordane"," Beans"," Action Level"," 0.1 ppm"," CPG�575.100"," https://www.fda.gov/regulatory-information/search-fda-guidance-documents/cpg-sec-575100-pesticide-residues-food-and-feed-enforcement-criteria",
" Chlordane"," Beet greens"," Action Level"," 0.1 ppm"," CPG�575.100"," https://www.fda.gov/regulatory-information/search-fda-guidance-documents/cpg-sec-575100-pesticide-residues-food-and-feed-enforcement-criteria",
" Chlordane"," Beets (with or without tops)"," Action Level"," 0.1 ppm"," CPG�575.100"," https://www.fda.gov/regulatory-information/search-fda-guidance-documents/cpg-sec-575100-pesticide-residues-food-and-feed-enforcement-criteria",
" Chlordane"," Brassica�(cole) leafy vegetables (except broccoli raab, Chinese mustard cabbage, and rape greens)"," Action Level"," 0.1 ppm"," CPG�575.100"," https://www.fda.gov/regulatory-information/search-fda-guidance-documents/cpg-sec-575100-pesticide-residues-food-and-feed-enforcement-criteria",
" Chlordane"," Carrots"," Action Level"," 0.1 ppm"," CPG�575.100"," https://www.fda.gov/regulatory-information/search-fda-guidance-documents/cpg-sec-575100-pesticide-residues-food-and-feed-enforcement-criteria",
" Chlordane"," Celery"," Action Level"," 0.1 ppm"," CPG�575.100"," https://www.fda.gov/regulatory-information/search-fda-guidance-documents/cpg-sec-575100-pesticide-residues-food-and-feed-enforcement-criteria",
" Chlordane"," Citrus fruits"," Action Level"," 0.1 ppm"," CPG�575.100"," https://www.fda.gov/regulatory-information/search-fda-guidance-documents/cpg-sec-575100-pesticide-residues-food-and-feed-enforcement-criteria",
" Chlordane"," Corn"," Action Level"," 0.1 ppm"," CPG�575.100"," https://www.fda.gov/regulatory-information/search-fda-guidance-documents/cpg-sec-575100-pesticide-residues-food-and-feed-enforcement-criteria",
" Chlordane"," Cucumbers"," Action Level"," 0.1 ppm"," CPG�575.100"," https://www.fda.gov/regulatory-information/search-fda-guidance-documents/cpg-sec-575100-pesticide-residues-food-and-feed-enforcement-criteria",
" Chlordane"," Eggplant"," Action Level"," 0.1 ppm"," CPG�575.100"," https://www.fda.gov/regulatory-information/search-fda-guidance-documents/cpg-sec-575100-pesticide-residues-food-and-feed-enforcement-criteria",
" Chlordane"," Fish (edible portion)"," Action Level"," 0.3 ppm"," CPG�575.100"," https://www.fda.gov/regulatory-information/search-fda-guidance-documents/cpg-sec-575100-pesticide-residues-food-and-feed-enforcement-criteria",
" Chlordane"," Lettuce"," Action Level"," 0.1 ppm"," CPG�575.100"," https://www.fda.gov/regulatory-information/search-fda-guidance-documents/cpg-sec-575100-pesticide-residues-food-and-feed-enforcement-criteria",
" Chlordane"," Melons"," Action Level"," 0.1 ppm"," CPG�575.100"," https://www.fda.gov/regulatory-information/search-fda-guidance-documents/cpg-sec-575100-pesticide-residues-food-and-feed-enforcement-criteria",
" Chlordane"," Okra"," Action Level"," 0.1 ppm"," CPG�575.100"," https://www.fda.gov/regulatory-information/search-fda-guidance-documents/cpg-sec-575100-pesticide-residues-food-and-feed-enforcement-criteria",
" Chlordane"," Onions"," Action Level"," 0.1 ppm"," CPG�575.100"," https://www.fda.gov/regulatory-information/search-fda-guidance-documents/cpg-sec-575100-pesticide-residues-food-and-feed-enforcement-criteria",
" Chlordane"," Papayas"," Action Level"," 0.1 ppm"," CPG�575.100"," https://www.fda.gov/regulatory-information/search-fda-guidance-documents/cpg-sec-575100-pesticide-residues-food-and-feed-enforcement-criteria",
" Chlordane"," Parsnips"," Action Level"," 0.1 ppm"," CPG�575.100"," https://www.fda.gov/regulatory-information/search-fda-guidance-documents/cpg-sec-575100-pesticide-residues-food-and-feed-enforcement-criteria",
" Chlordane"," Peanuts"," Action Level"," 0.1 ppm"," CPG�575.100"," https://www.fda.gov/regulatory-information/search-fda-guidance-documents/cpg-sec-575100-pesticide-residues-food-and-feed-enforcement-criteria",
" Chlordane"," Peas"," Action Level"," 0.1 ppm"," CPG�575.100"," https://www.fda.gov/regulatory-information/search-fda-guidance-documents/cpg-sec-575100-pesticide-residues-food-and-feed-enforcement-criteria",
" Chlordane"," Peppers"," Action Level"," 0.1 ppm"," CPG�575.100"," https://www.fda.gov/regulatory-information/search-fda-guidance-documents/cpg-sec-575100-pesticide-residues-food-and-feed-enforcement-criteria",
" Chlordane"," Pineapple"," Action Level"," 0.1 ppm"," CPG�575.100"," https://www.fda.gov/regulatory-information/search-fda-guidance-documents/cpg-sec-575100-pesticide-residues-food-and-feed-enforcement-criteria",
" Chlordane"," Pome fruits (except crabapples and loquats)"," Action Level"," 0.1 ppm"," CPG�575.100"," https://www.fda.gov/regulatory-information/search-fda-guidance-documents/cpg-sec-575100-pesticide-residues-food-and-feed-enforcement-criteria",
" Chlordane"," Potatoes"," Action Level"," 0.1 ppm"," CPG�575.100"," https://www.fda.gov/regulatory-information/search-fda-guidance-documents/cpg-sec-575100-pesticide-residues-food-and-feed-enforcement-criteria",
" Chlordane"," Radish tops"," Action Level"," 0.1 ppm"," CPG�575.100"," https://www.fda.gov/regulatory-information/search-fda-guidance-documents/cpg-sec-575100-pesticide-residues-food-and-feed-enforcement-criteria",
" Chlordane"," Radishes"," Action Level"," 0.1 ppm"," CPG�575.100"," https://www.fda.gov/regulatory-information/search-fda-guidance-documents/cpg-sec-575100-pesticide-residues-food-and-feed-enforcement-criteria",
" Chlordane"," Rutabaga tops"," Action Level"," 0.1 ppm"," CPG�575.100"," https://www.fda.gov/regulatory-information/search-fda-guidance-documents/cpg-sec-575100-pesticide-residues-food-and-feed-enforcement-criteria",
" Chlordane"," Rutabagas (with or without tops)"," Action Level"," 0.1 ppm"," CPG�575.100"," https://www.fda.gov/regulatory-information/search-fda-guidance-documents/cpg-sec-575100-pesticide-residues-food-and-feed-enforcement-criteria",
" Chlordane"," Small fruits and berries (except cranberries, currants, elderberries, gooseberries, and olallie berries)"," Action Level"," 0.1 ppm"," CPG�575.100"," https://www.fda.gov/regulatory-information/search-fda-guidance-documents/cpg-sec-575100-pesticide-residues-food-and-feed-enforcement-criteria",
" Chlordane"," Spinach"," Action Level"," 0.1 ppm"," CPG�575.100"," https://www.fda.gov/regulatory-information/search-fda-guidance-documents/cpg-sec-575100-pesticide-residues-food-and-feed-enforcement-criteria",
" Chlordane"," Squash"," Action Level"," 0.1 ppm"," CPG�575.100"," https://www.fda.gov/regulatory-information/search-fda-guidance-documents/cpg-sec-575100-pesticide-residues-food-and-feed-enforcement-criteria",
" Chlordane"," Stone fruits (except chicasaw, samson, and japanese plums)"," Action Level"," 0.1 ppm"," CPG�575.100"," https://www.fda.gov/regulatory-information/search-fda-guidance-documents/cpg-sec-575100-pesticide-residues-food-and-feed-enforcement-criteria",
" Chlordane"," Sweet potatoes"," Action Level"," 0.1 ppm"," CPG�575.100"," https://www.fda.gov/regulatory-information/search-fda-guidance-documents/cpg-sec-575100-pesticide-residues-food-and-feed-enforcement-criteria",
" Chlordane"," Swiss chard"," Action Level"," 0.1 ppm"," CPG�575.100"," https://www.fda.gov/regulatory-information/search-fda-guidance-documents/cpg-sec-575100-pesticide-residues-food-and-feed-enforcement-criteria",
" Chlordane"," Tomatoes"," Action Level"," 0.1 ppm"," CPG�575.100"," https://www.fda.gov/regulatory-information/search-fda-guidance-documents/cpg-sec-575100-pesticide-residues-food-and-feed-enforcement-criteria",
" Chlordane"," Turnip greens"," Action Level"," 0.1 ppm"," CPG�575.100"," https://www.fda.gov/regulatory-information/search-fda-guidance-documents/cpg-sec-575100-pesticide-residues-food-and-feed-enforcement-criteria",
" Chlordane"," Turnips (with or without tops)"," Action Level"," 0.1 ppm"," CPG�575.100"," https://www.fda.gov/regulatory-information/search-fda-guidance-documents/cpg-sec-575100-pesticide-residues-food-and-feed-enforcement-criteria",
" DDT, DDE, & TDE"," Animal feed, processed"," Action Level"," 0.5 ppm"," CPG�575.100"," https://www.fda.gov/regulatory-information/search-fda-guidance-documents/cpg-sec-575100-pesticide-residues-food-and-feed-enforcement-criteria",
" DDT, DDE, & TDE"," Artichokes"," Action Level"," 0.5 ppm"," CPG�575.100"," https://www.fda.gov/regulatory-information/search-fda-guidance-documents/cpg-sec-575100-pesticide-residues-food-and-feed-enforcement-criteria",
" DDT, DDE, & TDE"," Asparagus"," Action Level"," 0.5 ppm"," CPG�575.100"," https://www.fda.gov/regulatory-information/search-fda-guidance-documents/cpg-sec-575100-pesticide-residues-food-and-feed-enforcement-criteria",
" DDT, DDE, & TDE"," Avocadoes"," Action Level"," 0.2 ppm"," CPG�575.100"," https://www.fda.gov/regulatory-information/search-fda-guidance-documents/cpg-sec-575100-pesticide-residues-food-and-feed-enforcement-criteria",
" DDT, DDE, & TDE"," Beets (roots and tops)"," Action Level"," 0.2 ppm"," CPG�575.100"," https://www.fda.gov/regulatory-information/search-fda-guidance-documents/cpg-sec-575100-pesticide-residues-food-and-feed-enforcement-criteria",
" Dicofol (trade name kelthane)"," Animal feed, processed"," Action Level"," 0.5 ppm"," CPG�575.100"," https://www.fda.gov/regulatory-information/search-fda-guidance-documents/cpg-sec-575100-pesticide-residues-food-and-feed-enforcement-criteria",
" Ethylene dibromide"," Honey, ready-to-eat (will not undergo further processing prior to consumption)"," Action Level"," 30 ppb"," CPG�575.100"," https://www.fda.gov/regulatory-information/search-fda-guidance-documents/cpg-sec-575100-pesticide-residues-food-and-feed-enforcement-criteria",
" Ethylene dibromide"," Intermediate (milled) grain products (must be cooked prior to consumption)"," Action Level"," 150 ppb"," CPG�575.100"," https://www.fda.gov/regulatory-information/search-fda-guidance-documents/cpg-sec-575100-pesticide-residues-food-and-feed-enforcement-criteria",
" Ethylene dibromide"," Ready to eat (cooked) grain products (require no cooking prior to consumption)"," Action Level"," 30 ppb"," CPG�575.100"," https://www.fda.gov/regulatory-information/search-fda-guidance-documents/cpg-sec-575100-pesticide-residues-food-and-feed-enforcement-criteria",
" Heptachlor & Heptachlor Epoxide"," Animal feed, processed"," Action Level"," 0.03 ppm"," CPG�575.100"," https://www.fda.gov/regulatory-information/search-fda-guidance-documents/cpg-sec-575100-pesticide-residues-food-and-feed-enforcement-criteria",
" Heptachlor & Heptachlor Epoxide"," Artichokes"," Action Level"," 0.05 ppm"," CPG�575.100"," https://www.fda.gov/regulatory-information/search-fda-guidance-documents/cpg-sec-575100-pesticide-residues-food-and-feed-enforcement-criteria",
" Heptachlor & Heptachlor Epoxide"," Asparagus"," Action Level"," 0.05 ppm"," CPG�575.100"," https://www.fda.gov/regulatory-information/search-fda-guidance-documents/cpg-sec-575100-pesticide-residues-food-and-feed-enforcement-criteria",
" DDT, DDE, & TDE"," Brassica�(cole) leafy vegetables (except broccoli raab, chinese mustard cabbage, and rape greens)"," Action Level"," 0.5 ppm"," CPG�575.100"," https://www.fda.gov/regulatory-information/search-fda-guidance-documents/cpg-sec-575100-pesticide-residues-food-and-feed-enforcement-criteria",
" Heptachlor & Heptachlor Epoxide"," Beans, except snap beans"," Action Level"," 0.05 ppm"," CPG�575.100"," https://www.fda.gov/regulatory-information/search-fda-guidance-documents/cpg-sec-575100-pesticide-residues-food-and-feed-enforcement-criteria",
" Heptachlor & Heptachlor Epoxide"," Citrus fruits"," Action Level"," 0.05 ppm"," CPG�575.100"," https://www.fda.gov/regulatory-information/search-fda-guidance-documents/cpg-sec-575100-pesticide-residues-food-and-feed-enforcement-criteria",
" Heptachlor & Heptachlor Epoxide"," Cucumbers"," Action Level"," 0.05 ppm"," CPG�575.100"," https://www.fda.gov/regulatory-information/search-fda-guidance-documents/cpg-sec-575100-pesticide-residues-food-and-feed-enforcement-criteria",
" Heptachlor & Heptachlor Epoxide"," Eggplant"," Action Level"," 0.03 ppm"," CPG�575.100"," https://www.fda.gov/regulatory-information/search-fda-guidance-documents/cpg-sec-575100-pesticide-residues-food-and-feed-enforcement-criteria",
" Heptachlor & Heptachlor Epoxide"," Eggs"," Action Level"," 0.05 ppm"," CPG�575.100"," https://www.fda.gov/regulatory-information/search-fda-guidance-documents/cpg-sec-575100-pesticide-residues-food-and-feed-enforcement-criteria",
" Heptachlor & Heptachlor Epoxide"," Figs"," Action Level"," 0.05 ppm"," CPG�575.100"," https://www.fda.gov/regulatory-information/search-fda-guidance-documents/cpg-sec-575100-pesticide-residues-food-and-feed-enforcement-criteria",
" Heptachlor & Heptachlor Epoxide"," Fish (edible portion)"," Action Level"," 0.3 ppm"," CPG�575.100"," https://www.fda.gov/regulatory-information/search-fda-guidance-documents/cpg-sec-575100-pesticide-residues-food-and-feed-enforcement-criteria",
" Heptachlor & Heptachlor Epoxide"," Hay"," Action Level"," 0.03 ppm"," CPG�575.100"," https://www.fda.gov/regulatory-information/search-fda-guidance-documents/cpg-sec-575100-pesticide-residues-food-and-feed-enforcement-criteria",
" Heptachlor & Heptachlor Epoxide"," Leafy vegetables"," Action Level"," 0.05 ppm"," CPG�575.100"," https://www.fda.gov/regulatory-information/search-fda-guidance-documents/cpg-sec-575100-pesticide-residues-food-and-feed-enforcement-criteria",
" Heptachlor & Heptachlor Epoxide"," Melons"," Action Level"," 0.05 ppm"," CPG�575.100"," https://www.fda.gov/regulatory-information/search-fda-guidance-documents/cpg-sec-575100-pesticide-residues-food-and-feed-enforcement-criteria",
" DDT, DDE, & TDE"," Carrots"," Action Level"," 3 ppm"," CPG�575.100"," https://www.fda.gov/regulatory-information/search-fda-guidance-documents/cpg-sec-575100-pesticide-residues-food-and-feed-enforcement-criteria",
" Heptachlor & Heptachlor Epoxide"," Okra"," Action Level"," 0.05 ppm"," CPG�575.100"," https://www.fda.gov/regulatory-information/search-fda-guidance-documents/cpg-sec-575100-pesticide-residues-food-and-feed-enforcement-criteria",
" Heptachlor & Heptachlor Epoxide"," Pears"," Action Level"," 0.05 ppm"," CPG�575.100"," https://www.fda.gov/regulatory-information/search-fda-guidance-documents/cpg-sec-575100-pesticide-residues-food-and-feed-enforcement-criteria",
" Heptachlor & Heptachlor Epoxide"," Pimentos"," Action Level"," 0.05 ppm"," CPG�575.100"," https://www.fda.gov/regulatory-information/search-fda-guidance-documents/cpg-sec-575100-pesticide-residues-food-and-feed-enforcement-criteria",
" Heptachlor & Heptachlor Epoxide"," Pumpkins"," Action Level"," 0.05 ppm"," CPG�575.100"," https://www.fda.gov/regulatory-information/search-fda-guidance-documents/cpg-sec-575100-pesticide-residues-food-and-feed-enforcement-criteria",
" Heptachlor & Heptachlor Epoxide"," Quinces"," Action Level"," 0.05 ppm"," CPG�575.100"," https://www.fda.gov/regulatory-information/search-fda-guidance-documents/cpg-sec-575100-pesticide-residues-food-and-feed-enforcement-criteria",
" Heptachlor & Heptachlor Epoxide"," Rice"," Action Level"," 0.03 ppm"," CPG�575.100"," https://www.fda.gov/regulatory-information/search-fda-guidance-documents/cpg-sec-575100-pesticide-residues-food-and-feed-enforcement-criteria",
" Heptachlor & Heptachlor Epoxide"," Small  fruits"," Action Level"," 0.05 ppm"," CPG�575.100"," https://www.fda.gov/regulatory-information/search-fda-guidance-documents/cpg-sec-575100-pesticide-residues-food-and-feed-enforcement-criteria",
" Heptachlor & Heptachlor Epoxide"," Squash"," Action Level"," 0.05 ppm"," CPG�575.100"," https://www.fda.gov/regulatory-information/search-fda-guidance-documents/cpg-sec-575100-pesticide-residues-food-and-feed-enforcement-criteria",
" Heptachlor & Heptachlor Epoxide"," Stone fruits"," Action Level"," 0.05 ppm"," CPG�575.100"," https://www.fda.gov/regulatory-information/search-fda-guidance-documents/cpg-sec-575100-pesticide-residues-food-and-feed-enforcement-criteria",
" Lindane"," Animal feed, processed"," Action Level"," 0.1 ppm"," CPG�575.100"," https://www.fda.gov/regulatory-information/search-fda-guidance-documents/cpg-sec-575100-pesticide-residues-food-and-feed-enforcement-criteria",
" DDT, DDE, & TDE"," Celery"," Action Level"," 0.5 ppm"," CPG�575.100"," https://www.fda.gov/regulatory-information/search-fda-guidance-documents/cpg-sec-575100-pesticide-residues-food-and-feed-enforcement-criteria",
" Lindane"," Artichokes"," Action Level"," 0.5 ppm"," CPG�575.100"," https://www.fda.gov/regulatory-information/search-fda-guidance-documents/cpg-sec-575100-pesticide-residues-food-and-feed-enforcement-criteria",
" Lindane"," Barley"," Action Level"," 0.1 ppm"," CPG�575.100"," https://www.fda.gov/regulatory-information/search-fda-guidance-documents/cpg-sec-575100-pesticide-residues-food-and-feed-enforcement-criteria",
" Lindane"," Beans"," Action Level"," 0.5 ppm"," CPG�575.100"," https://www.fda.gov/regulatory-information/search-fda-guidance-documents/cpg-sec-575100-pesticide-residues-food-and-feed-enforcement-criteria",
" Lindane"," Citrus fruits"," Action Level"," 0.5 ppm"," CPG�575.100"," https://www.fda.gov/regulatory-information/search-fda-guidance-documents/cpg-sec-575100-pesticide-residues-food-and-feed-enforcement-criteria",
" Lindane"," Cocoa beans, whole raw bean"," Action Level"," 0.5 ppm"," CPG�575.100"," https://www.fda.gov/regulatory-information/search-fda-guidance-documents/cpg-sec-575100-pesticide-residues-food-and-feed-enforcement-criteria",
" Lindane"," Corn"," Action Level"," 0.1 ppm"," CPG�575.100"," https://www.fda.gov/regulatory-information/search-fda-guidance-documents/cpg-sec-575100-pesticide-residues-food-and-feed-enforcement-criteria",
" Lindane"," Corn, fresh sweet"," Action Level"," 0.5 ppm"," CPG�575.100"," https://www.fda.gov/regulatory-information/search-fda-guidance-documents/cpg-sec-575100-pesticide-residues-food-and-feed-enforcement-criteria",
" Lindane"," Eggs"," Action Level"," 0.5 ppm"," CPG�575.100"," https://www.fda.gov/regulatory-information/search-fda-guidance-documents/cpg-sec-575100-pesticide-residues-food-and-feed-enforcement-criteria",
" Lindane"," Endive"," Action Level"," 0.5 ppm"," CPG�575.100"," https://www.fda.gov/regulatory-information/search-fda-guidance-documents/cpg-sec-575100-pesticide-residues-food-and-feed-enforcement-criteria",
" Lindane"," Figs"," Action Level"," 0.5 ppm"," CPG�575.100"," https://www.fda.gov/regulatory-information/search-fda-guidance-documents/cpg-sec-575100-pesticide-residues-food-and-feed-enforcement-criteria",
" DDT, DDE, & TDE"," Cereal grains (except buckwheat, fresh sweetcorn, millet, popcorn, teosinte, and wild rice)"," Action Level"," 0.5 ppm"," CPG�575.100"," https://www.fda.gov/regulatory-information/search-fda-guidance-documents/cpg-sec-575100-pesticide-residues-food-and-feed-enforcement-criteria",
" Lindane"," Hay"," Action Level"," 0.1 ppm"," CPG�575.100"," https://www.fda.gov/regulatory-information/search-fda-guidance-documents/cpg-sec-575100-pesticide-residues-food-and-feed-enforcement-criteria",
" Lindane"," Milk"," Action Level"," 0.3 ppm (fat basis)"," CPG�575.100"," https://www.fda.gov/regulatory-information/search-fda-guidance-documents/cpg-sec-575100-pesticide-residues-food-and-feed-enforcement-criteria",
" Lindane"," Oats"," Action Level"," 0.1 ppm"," CPG�575.100"," https://www.fda.gov/regulatory-information/search-fda-guidance-documents/cpg-sec-575100-pesticide-residues-food-and-feed-enforcement-criteria",
" Lindane"," Peas"," Action Level"," 0.5 ppm"," CPG�575.100"," https://www.fda.gov/regulatory-information/search-fda-guidance-documents/cpg-sec-575100-pesticide-residues-food-and-feed-enforcement-criteria",
" Lindane"," Rice"," Action Level"," 0.1 ppm"," CPG�575.100"," https://www.fda.gov/regulatory-information/search-fda-guidance-documents/cpg-sec-575100-pesticide-residues-food-and-feed-enforcement-criteria",
" Lindane"," Root vegetables"," Action Level"," 0.5 ppm"," CPG�575.100"," https://www.fda.gov/regulatory-information/search-fda-guidance-documents/cpg-sec-575100-pesticide-residues-food-and-feed-enforcement-criteria",
" Lindane"," Rye"," Action Level"," 0.1 ppm"," CPG�575.100"," https://www.fda.gov/regulatory-information/search-fda-guidance-documents/cpg-sec-575100-pesticide-residues-food-and-feed-enforcement-criteria",
" Lindane"," Small fruits"," Action Level"," 0.5 ppm"," CPG�575.100"," https://www.fda.gov/regulatory-information/search-fda-guidance-documents/cpg-sec-575100-pesticide-residues-food-and-feed-enforcement-criteria",
" Lindane"," Sorghum (milo)"," Action Level"," 0.1 ppm"," CPG�575.100"," https://www.fda.gov/regulatory-information/search-fda-guidance-documents/cpg-sec-575100-pesticide-residues-food-and-feed-enforcement-criteria",
" Lindane"," Turnip greens"," Action Level"," 0.5 ppm"," CPG�575.100"," https://www.fda.gov/regulatory-information/search-fda-guidance-documents/cpg-sec-575100-pesticide-residues-food-and-feed-enforcement-criteria",
" DDT, DDE, & TDE"," Citrus fruits"," Action Level"," 0.1 ppm"," CPG�575.100"," https://www.fda.gov/regulatory-information/search-fda-guidance-documents/cpg-sec-575100-pesticide-residues-food-and-feed-enforcement-criteria",
" Lindane"," Wheat"," Action Level"," 0.1 ppm"," CPG�575.100"," https://www.fda.gov/regulatory-information/search-fda-guidance-documents/cpg-sec-575100-pesticide-residues-food-and-feed-enforcement-criteria",
" Mirex"," Fish"," Action Level"," 0.1 ppm"," CPG�575.100"," https://www.fda.gov/regulatory-information/search-fda-guidance-documents/cpg-sec-575100-pesticide-residues-food-and-feed-enforcement-criteria",
" DDT, DDE, & TDE"," Cocoa beans"," Action Level"," 1 ppm"," CPG�575.100"," https://www.fda.gov/regulatory-information/search-fda-guidance-documents/cpg-sec-575100-pesticide-residues-food-and-feed-enforcement-criteria",
" DDT, DDE, & TDE"," Corn, fresh sweet"," Action Level"," 0.1 ppm"," CPG�575.100"," https://www.fda.gov/regulatory-information/search-fda-guidance-documents/cpg-sec-575100-pesticide-residues-food-and-feed-enforcement-criteria",
" DDT, DDE, & TDE"," Cottonseed"," Action Level"," 0.1 ppm"," CPG�575.100"," https://www.fda.gov/regulatory-information/search-fda-guidance-documents/cpg-sec-575100-pesticide-residues-food-and-feed-enforcement-criteria",
" DDT, DDE, & TDE"," Cucumbers"," Action Level"," 0.1 ppm"," CPG�575.100"," https://www.fda.gov/regulatory-information/search-fda-guidance-documents/cpg-sec-575100-pesticide-residues-food-and-feed-enforcement-criteria",
" DDT, DDE, & TDE"," Eggplant"," Action Level"," 0.1 ppm"," CPG�575.100"," https://www.fda.gov/regulatory-information/search-fda-guidance-documents/cpg-sec-575100-pesticide-residues-food-and-feed-enforcement-criteria",
" DDT, DDE, & TDE"," Eggs"," Action Level"," 0.5 ppm"," CPG�575.100"," https://www.fda.gov/regulatory-information/search-fda-guidance-documents/cpg-sec-575100-pesticide-residues-food-and-feed-enforcement-criteria",
" DDT, DDE, & TDE"," Endive (escarole)"," Action Level"," 0.5 ppm"," CPG�575.100"," https://www.fda.gov/regulatory-information/search-fda-guidance-documents/cpg-sec-575100-pesticide-residues-food-and-feed-enforcement-criteria",
" DDT, DDE, & TDE"," Fish"," Action Level"," 5 ppm (edible portion)"," CPG�575.100"," https://www.fda.gov/regulatory-information/search-fda-guidance-documents/cpg-sec-575100-pesticide-residues-food-and-feed-enforcement-criteria",
" DDT, DDE, & TDE"," Grapes"," Action Level"," 0.05 ppm"," CPG�575.100"," https://www.fda.gov/regulatory-information/search-fda-guidance-documents/cpg-sec-575100-pesticide-residues-food-and-feed-enforcement-criteria",
" DDT, DDE, & TDE"," Guavas"," Action Level"," 0.2 ppm"," CPG�575.100"," https://www.fda.gov/regulatory-information/search-fda-guidance-documents/cpg-sec-575100-pesticide-residues-food-and-feed-enforcement-criteria",
" DDT, DDE, & TDE"," Hay"," Action Level"," 0.5 ppm"," CPG�575.100"," https://www.fda.gov/regulatory-information/search-fda-guidance-documents/cpg-sec-575100-pesticide-residues-food-and-feed-enforcement-criteria",
" DDT, DDE, & TDE"," Hops"," Action Level"," 0.1 ppm"," CPG�575.100"," https://www.fda.gov/regulatory-information/search-fda-guidance-documents/cpg-sec-575100-pesticide-residues-food-and-feed-enforcement-criteria",
" DDT, DDE, & TDE"," Legume vegetables (except guar, jackbeans, lablab beans, and lentils)"," Action Level"," 0.2 ppm"," CPG�575.100"," https://www.fda.gov/regulatory-information/search-fda-guidance-documents/cpg-sec-575100-pesticide-residues-food-and-feed-enforcement-criteria",
" DDT, DDE, & TDE"," Lettuce"," Action Level"," 0.5 ppm"," CPG�575.100"," https://www.fda.gov/regulatory-information/search-fda-guidance-documents/cpg-sec-575100-pesticide-residues-food-and-feed-enforcement-criteria",
" DDT, DDE, & TDE"," Mangoes"," Action Level"," 0.2 ppm"," CPG�575.100"," https://www.fda.gov/regulatory-information/search-fda-guidance-documents/cpg-sec-575100-pesticide-residues-food-and-feed-enforcement-criteria",
" DDT, DDE, & TDE"," Melons"," Action Level"," 0.1 ppm"," CPG�575.100"," https://www.fda.gov/regulatory-information/search-fda-guidance-documents/cpg-sec-575100-pesticide-residues-food-and-feed-enforcement-criteria",
" DDT, DDE, & TDE"," Milk"," Action Level"," 1.25 ppm (fat basis)"," CPG�575.100"," https://www.fda.gov/regulatory-information/search-fda-guidance-documents/cpg-sec-575100-pesticide-residues-food-and-feed-enforcement-criteria",
" DDT, DDE, & TDE"," Mushrooms"," Action Level"," 0.5 ppm"," CPG�575.100"," https://www.fda.gov/regulatory-information/search-fda-guidance-documents/cpg-sec-575100-pesticide-residues-food-and-feed-enforcement-criteria",
" DDT, DDE, & TDE"," Okra"," Action Level"," 0.2 ppm"," CPG�575.100"," https://www.fda.gov/regulatory-information/search-fda-guidance-documents/cpg-sec-575100-pesticide-residues-food-and-feed-enforcement-criteria",
" DDT, DDE, & TDE"," Onions (dry bulb)"," Action Level"," 0.2 ppm"," CPG�575.100"," https://www.fda.gov/regulatory-information/search-fda-guidance-documents/cpg-sec-575100-pesticide-residues-food-and-feed-enforcement-criteria",
" DDT, DDE, & TDE"," Papayas"," Action Level"," 0.2 ppm"," CPG�575.100"," https://www.fda.gov/regulatory-information/search-fda-guidance-documents/cpg-sec-575100-pesticide-residues-food-and-feed-enforcement-criteria",
" DDT, DDE, & TDE"," Parsnips (roots and tops)"," Action Level"," 0.2 ppm"," CPG�575.100"," https://www.fda.gov/regulatory-information/search-fda-guidance-documents/cpg-sec-575100-pesticide-residues-food-and-feed-enforcement-criteria",
" DDT, DDE, & TDE"," Peanuts"," Action Level"," 0.2 ppm"," CPG�575.100"," https://www.fda.gov/regulatory-information/search-fda-guidance-documents/cpg-sec-575100-pesticide-residues-food-and-feed-enforcement-criteria",
" DDT, DDE, & TDE"," Peppermint hay"," Action Level"," 0.5 ppm"," CPG�575.100"," https://www.fda.gov/regulatory-information/search-fda-guidance-documents/cpg-sec-575100-pesticide-residues-food-and-feed-enforcement-criteria",
" DDT, DDE, & TDE"," Peppermint oil"," Action Level"," 1 ppm"," CPG�575.100"," https://www.fda.gov/regulatory-information/search-fda-guidance-documents/cpg-sec-575100-pesticide-residues-food-and-feed-enforcement-criteria",
" DDT, DDE, & TDE"," Peppers"," Action Level"," 0.1 ppm"," CPG�575.100"," https://www.fda.gov/regulatory-information/search-fda-guidance-documents/cpg-sec-575100-pesticide-residues-food-and-feed-enforcement-criteria",
" DDT, DDE, & TDE"," Pineapples"," Action Level"," 0.2 ppm"," CPG�575.100"," https://www.fda.gov/regulatory-information/search-fda-guidance-documents/cpg-sec-575100-pesticide-residues-food-and-feed-enforcement-criteria",
" DDT, DDE, & TDE"," Pome fruits (except crabapples and loquats)"," Action Level"," 0.1 ppm"," CPG�575.100"," https://www.fda.gov/regulatory-information/search-fda-guidance-documents/cpg-sec-575100-pesticide-residues-food-and-feed-enforcement-criteria",
" DDT, DDE, & TDE"," Potatoes"," Action Level"," 1 ppm"," CPG�575.100"," https://www.fda.gov/regulatory-information/search-fda-guidance-documents/cpg-sec-575100-pesticide-residues-food-and-feed-enforcement-criteria",
" DDT, DDE, & TDE"," Radishes (roots and tops)"," Action Level"," 0.2 ppm"," CPG�575.100"," https://www.fda.gov/regulatory-information/search-fda-guidance-documents/cpg-sec-575100-pesticide-residues-food-and-feed-enforcement-criteria",
" DDT, DDE, & TDE"," Rutabagas (roots and tops)"," Action Level"," 0.2 ppm"," CPG�575.100"," https://www.fda.gov/regulatory-information/search-fda-guidance-documents/cpg-sec-575100-pesticide-residues-food-and-feed-enforcement-criteria",
" DDT, DDE, & TDE"," Small fruits and berries (except elderberries, grapes and olallie berries)"," Action Level"," 0.1 ppm"," CPG�575.100"," https://www.fda.gov/regulatory-information/search-fda-guidance-documents/cpg-sec-575100-pesticide-residues-food-and-feed-enforcement-criteria",
" DDT, DDE, & TDE"," Soybean oil (crude)"," Action Level"," 1 ppm"," CPG�575.100"," https://www.fda.gov/regulatory-information/search-fda-guidance-documents/cpg-sec-575100-pesticide-residues-food-and-feed-enforcement-criteria",
" DDT, DDE, & TDE"," Spearmint hay"," Action Level"," 0.5 ppm"," CPG�575.100"," https://www.fda.gov/regulatory-information/search-fda-guidance-documents/cpg-sec-575100-pesticide-residues-food-and-feed-enforcement-criteria",
" DDT, DDE, & TDE"," Spearmint oil"," Action Level"," 1 ppm"," CPG�575.100"," https://www.fda.gov/regulatory-information/search-fda-guidance-documents/cpg-sec-575100-pesticide-residues-food-and-feed-enforcement-criteria",
" DDT, DDE, & TDE"," Spinach"," Action Level"," 0.5 ppm"," CPG�575.100"," https://www.fda.gov/regulatory-information/search-fda-guidance-documents/cpg-sec-575100-pesticide-residues-food-and-feed-enforcement-criteria",
" DDT, DDE, & TDE"," Squash"," Action Level"," 0.1 ppm"," CPG�575.100"," https://www.fda.gov/regulatory-information/search-fda-guidance-documents/cpg-sec-575100-pesticide-residues-food-and-feed-enforcement-criteria",
" DDT, DDE, & TDE"," Stone fruits (except chickasaw, damson, and japanese plums)"," Action Level"," 0.2 ppm"," CPG�575.100"," https://www.fda.gov/regulatory-information/search-fda-guidance-documents/cpg-sec-575100-pesticide-residues-food-and-feed-enforcement-criteria",
" DDT, DDE, & TDE"," Sweet potatoes"," Action Level"," 1 ppm"," CPG�575.100"," https://www.fda.gov/regulatory-information/search-fda-guidance-documents/cpg-sec-575100-pesticide-residues-food-and-feed-enforcement-criteria",
" DDT, DDE, & TDE"," Swiss chard"," Action Level"," 0.5 ppm"," CPG�575.100"," https://www.fda.gov/regulatory-information/search-fda-guidance-documents/cpg-sec-575100-pesticide-residues-food-and-feed-enforcement-criteria",
" DDT, DDE, & TDE"," Tomato pomace"," Action Level"," 0.5 ppm"," CPG�575.100"," https://www.fda.gov/regulatory-information/search-fda-guidance-documents/cpg-sec-575100-pesticide-residues-food-and-feed-enforcement-criteria",
" DDT, DDE, & TDE"," Tomatoes"," Action Level"," 0.05 ppm"," CPG�575.100"," https://www.fda.gov/regulatory-information/search-fda-guidance-documents/cpg-sec-575100-pesticide-residues-food-and-feed-enforcement-criteria",
" DDT, DDE, & TDE"," Turnips (roots and tops)"," Action Level"," 0.2 ppm"," CPG�575.100"," https://www.fda.gov/regulatory-information/search-fda-guidance-documents/cpg-sec-575100-pesticide-residues-food-and-feed-enforcement-criteria",
" Benzene Hexachloride (BHC)"," Cereal grains (except buckwheat, millet, popcorn, teosinte, and wild rice)"," Action Level"," 0.05 ppm"," CPG�575.100"," https://www.fda.gov/regulatory-information/search-fda-guidance-documents/cpg-sec-575100-pesticide-residues-food-and-feed-enforcement-criteria",
" Benzene Hexachloride (BHC)"," Citrus fruits"," Action Level"," 0.05 ppm"," CPG�575.100"," https://www.fda.gov/regulatory-information/search-fda-guidance-documents/cpg-sec-575100-pesticide-residues-food-and-feed-enforcement-criteria",
" Benzene Hexachloride (BHC)"," Cocoa beans"," Action Level"," 0.5 ppm"," CPG�575.100"," https://www.fda.gov/regulatory-information/search-fda-guidance-documents/cpg-sec-575100-pesticide-residues-food-and-feed-enforcement-criteria",
" Benzene Hexachloride (BHC)"," Cucurbit vegetables (except balsam pears, chinese waxgourds, gherkins, and gourds)"," Action Level"," 0.05 ppm"," CPG�575.100"," https://www.fda.gov/regulatory-information/search-fda-guidance-documents/cpg-sec-575100-pesticide-residues-food-and-feed-enforcement-criteria",
" Benzene Hexachloride (BHC)"," Eggplant"," Action Level"," 0.05 ppm"," CPG�575.100"," https://www.fda.gov/regulatory-information/search-fda-guidance-documents/cpg-sec-575100-pesticide-residues-food-and-feed-enforcement-criteria",
" Benzene Hexachloride (BHC)"," Eggs"," Action Level"," 0.05 ppm"," CPG�575.100"," https://www.fda.gov/regulatory-information/search-fda-guidance-documents/cpg-sec-575100-pesticide-residues-food-and-feed-enforcement-criteria",
" Benzene Hexachloride (BHC)"," Endive"," Action Level"," 0.05 ppm"," CPG�575.100"," https://www.fda.gov/regulatory-information/search-fda-guidance-documents/cpg-sec-575100-pesticide-residues-food-and-feed-enforcement-criteria",
" Benzene Hexachloride (BHC)"," Figs"," Action Level"," 0.05 ppm"," CPG�575.100"," https://www.fda.gov/regulatory-information/search-fda-guidance-documents/cpg-sec-575100-pesticide-residues-food-and-feed-enforcement-criteria",
" Benzene Hexachloride (BHC)"," Frog legs (edible portion)"," Action Level"," 0.3 ppm"," CPG�575.100"," https://www.fda.gov/regulatory-information/search-fda-guidance-documents/cpg-sec-575100-pesticide-residues-food-and-feed-enforcement-criteria",
" Benzene Hexachloride (BHC)"," Guavas"," Action Level"," 0.05 ppm"," CPG�575.100"," https://www.fda.gov/regulatory-information/search-fda-guidance-documents/cpg-sec-575100-pesticide-residues-food-and-feed-enforcement-criteria",
" Benzene Hexachloride (BHC)"," Hay"," Action Level"," 0.05 ppm"," CPG�575.100"," https://www.fda.gov/regulatory-information/search-fda-guidance-documents/cpg-sec-575100-pesticide-residues-food-and-feed-enforcement-criteria",
" Benzene Hexachloride (BHC)"," Lettuce"," Action Level"," 0.05 ppm"," CPG�575.100"," https://www.fda.gov/regulatory-information/search-fda-guidance-documents/cpg-sec-575100-pesticide-residues-food-and-feed-enforcement-criteria",
" Benzene Hexachloride (BHC)"," Mangoes"," Action Level"," 0.05 ppm"," CPG�575.100"," https://www.fda.gov/regulatory-information/search-fda-guidance-documents/cpg-sec-575100-pesticide-residues-food-and-feed-enforcement-criteria",
" Benzene Hexachloride (BHC)"," Milk"," Action Level"," 0.3 ppm (fat basis)"," CPG�575.100"," https://www.fda.gov/regulatory-information/search-fda-guidance-documents/cpg-sec-575100-pesticide-residues-food-and-feed-enforcement-criteria",
" Benzene Hexachloride (BHC)"," Okra"," Action Level"," 0.05 ppm"," CPG�575.100"," https://www.fda.gov/regulatory-information/search-fda-guidance-documents/cpg-sec-575100-pesticide-residues-food-and-feed-enforcement-criteria",
" Benzene Hexachloride (BHC)"," Onions"," Action Level"," 0.05 ppm"," CPG�575.100"," https://www.fda.gov/regulatory-information/search-fda-guidance-documents/cpg-sec-575100-pesticide-residues-food-and-feed-enforcement-criteria",
" Benzene Hexachloride (BHC)"," Paprika"," Action Level"," 1 ppm"," CPG�575.100"," https://www.fda.gov/regulatory-information/search-fda-guidance-documents/cpg-sec-575100-pesticide-residues-food-and-feed-enforcement-criteria",
" Benzene Hexachloride (BHC)"," Pears"," Action Level"," 0.05 ppm"," CPG�575.100"," https://www.fda.gov/regulatory-information/search-fda-guidance-documents/cpg-sec-575100-pesticide-residues-food-and-feed-enforcement-criteria",
" Benzene Hexachloride (BHC)"," Peas"," Action Level"," 0.05 ppm"," CPG�575.100"," https://www.fda.gov/regulatory-information/search-fda-guidance-documents/cpg-sec-575100-pesticide-residues-food-and-feed-enforcement-criteria",
" Benzene Hexachloride (BHC)"," Pecans"," Action Level"," 0.05 ppm"," CPG�575.100"," https://www.fda.gov/regulatory-information/search-fda-guidance-documents/cpg-sec-575100-pesticide-residues-food-and-feed-enforcement-criteria",
" Benzene Hexachloride (BHC)"," Peppers"," Action Level"," 0.05 ppm"," CPG�575.100"," https://www.fda.gov/regulatory-information/search-fda-guidance-documents/cpg-sec-575100-pesticide-residues-food-and-feed-enforcement-criteria",
" Benzene Hexachloride (BHC)"," Pineapples"," Action Level"," 0.05 ppm"," CPG�575.100"," https://www.fda.gov/regulatory-information/search-fda-guidance-documents/cpg-sec-575100-pesticide-residues-food-and-feed-enforcement-criteria",
" Benzene Hexachloride (BHC)"," Quinces"," Action Level"," 0.05 ppm"," CPG�575.100"," https://www.fda.gov/regulatory-information/search-fda-guidance-documents/cpg-sec-575100-pesticide-residues-food-and-feed-enforcement-criteria",
" Benzene Hexachloride (BHC)"," Rabbits"," Action Level"," 0.3 ppm (fat basis)"," CPG�575.100"," https://www.fda.gov/regulatory-information/search-fda-guidance-documents/cpg-sec-575100-pesticide-residues-food-and-feed-enforcement-criteria",
" Benzene Hexachloride (BHC)"," Root and tuber vegetables (except carrots)"," Action Level"," 0.05 ppm"," CPG�575.100"," https://www.fda.gov/regulatory-information/search-fda-guidance-documents/cpg-sec-575100-pesticide-residues-food-and-feed-enforcement-criteria",
" Benzene Hexachloride (BHC)"," Small fruits and berries"," Action Level"," 0.05 ppm"," CPG�575.100"," https://www.fda.gov/regulatory-information/search-fda-guidance-documents/cpg-sec-575100-pesticide-residues-food-and-feed-enforcement-criteria",
" Benzene Hexachloride (BHC)"," Spinach"," Action Level"," 0.05 ppm"," CPG�575.100"," https://www.fda.gov/regulatory-information/search-fda-guidance-documents/cpg-sec-575100-pesticide-residues-food-and-feed-enforcement-criteria",
" Benzene Hexachloride (BHC)"," Stone fruits (except chickasaw, damson, and japanese plums)"," Action Level"," 0.05 ppm"," CPG�575.100"," https://www.fda.gov/regulatory-information/search-fda-guidance-documents/cpg-sec-575100-pesticide-residues-food-and-feed-enforcement-criteria",
" Benzene Hexachloride (BHC)"," Swiss chard"," Action Level"," 0.05 ppm"," CPG�575.100"," https://www.fda.gov/regulatory-information/search-fda-guidance-documents/cpg-sec-575100-pesticide-residues-food-and-feed-enforcement-criteria",
" Benzene Hexachloride (BHC)"," Tomatoes"," Action Level"," 0.05 ppm"," CPG�575.100"," https://www.fda.gov/regulatory-information/search-fda-guidance-documents/cpg-sec-575100-pesticide-residues-food-and-feed-enforcement-criteria",
" Benzene Hexachloride (BHC)"," Turnip Greens"," Action Level"," 0.05 ppm"," CPG�575.100"," https://www.fda.gov/regulatory-information/search-fda-guidance-documents/cpg-sec-575100-pesticide-residues-food-and-feed-enforcement-criteria",
" Cesium-134 + Cesium-137"," All foods as prepared for consumption"," Derived Intervention Level"," 1200 Bq/kg"," CPG 555.880"," https://www.fda.gov/regulatory-information/search-fda-guidance-documents/cpg-sec-555880-guidance-levels-radionuclides-domestic-and-imported-foods",
" Iodine-131"," All foods as prepared for consumption"," Derived Intervention Level"," 170 Bq/kg"," CPG 555.880"," https://www.fda.gov/regulatory-information/search-fda-guidance-documents/cpg-sec-555880-guidance-levels-radionuclides-domestic-and-imported-foods",
" Plutonium-238 + Plutonium-239 + Americium-241"," All foods as prepared for consumption"," Derived Intervention Level"," 2 Bq/kg"," CPG 555.880"," https://www.fda.gov/regulatory-information/search-fda-guidance-documents/cpg-sec-555880-guidance-levels-radionuclides-domestic-and-imported-foods",
" Ruthenium-103 + Ruthenium-106"," All foods as prepared for consumption"," Derived Intervention Level"," <1 Bq/kg"," CPG 555.880"," https://www.fda.gov/regulatory-information/search-fda-guidance-documents/cpg-sec-555880-guidance-levels-radionuclides-domestic-and-imported-foods"," The equation for calculating adherence to the DIL is (C3 / 6800 ) + ( C6 / 450 ) < 1. Due to the large differences in DILs for Ruthenium-103 and Ruthenium-106, the individual concentrations of Ruthenium-103 and Ruthenium-106 are divided by their respective DILs and then summed. The DIL for the Ruthenium group is set at less than one. C3 and C6 are the concentrations, at the time of measurement, for Ruthenium-103 and Ruthenium-106, respectively."
" Strontium-90"," All foods as prepared for consumption"," Derived Intervention Level"," 160 Bq/kg"," CPG 555.880"," https://www.fda.gov/regulatory-information/search-fda-guidance-documents/cpg-sec-555880-guidance-levels-radionuclides-domestic-and-imported-foods",
" Cadmium"," Ceramicware -�large hollowware"," Action Level"," 0.25 �g/mL leaching solution"," CPG 545.400�"," https://www.fda.gov/regulatory-information/search-fda-guidance-documents/cpg-sec-545400-pottery-ceramics-import-and-domestic-cadmium-contamination",
" Cadmium"," Ceramicware -�flatware"," Action Level"," 0.5 �g/mL leaching solution"," CPG 545.400"," https://www.fda.gov/regulatory-information/search-fda-guidance-documents/cpg-sec-545400-pottery-ceramics-import-and-domestic-cadmium-contamination",
" Cadmium"," Ceramicware -�small hollowware"," Action Level"," 0.5 �g/mL leaching solution"," CPG 545.400"," https://www.fda.gov/regulatory-information/search-fda-guidance-documents/cpg-sec-545400-pottery-ceramics-import-and-domestic-cadmium-contamination",
" Inorganic Arsenic"," Apple juice"," Action Level"," 10 ppb"," Guidance for Industry: Action Level for Inorganic Arsenic in Apple Juice"," https://www.fda.gov/regulatory-information/search-fda-guidance-documents/guidance-industry-action-level-inorganic-arsenic-apple-juice",
" Inorganic Arsenic"," Rice cereals for infants"," Action Level"," 100 ppb"," Guidance for Industry: Action Level for Inorganic Arsenic in Rice Cereals for Infants"," https://www.fda.gov/regulatory-information/search-fda-guidance-documents/guidance-industry-action-level-inorganic-arsenic-rice-cereals-infants",
" Lead"," Ceramicware - cups and mugs"," Action Level"," 0.5 �g/ml�leaching�solution"," CPG 545.450"," https://www.fda.gov/regulatory-information/search-fda-guidance-documents/cpg-sec-545450-pottery-ceramics-import-and-domestic-lead-contamination",
" Lead"," Ceramicware -�pitchers"," Action Level"," 0.5 �g/ml�leaching�solution"," CPG 545.450"," https://www.fda.gov/regulatory-information/search-fda-guidance-documents/cpg-sec-545450-pottery-ceramics-import-and-domestic-lead-contamination",
" Lead"," Silver-plated hollowware -�product intended for use by infants and children"," Action Level"," 0.5 �g/ml�leaching�solution"," CPG 545.500"," https://www.fda.gov/regulatory-information/search-fda-guidance-documents/cpg-sec-545500-silver-plated-hollowware-lead-contamination",
" Lead"," Ceramicware -�large hollowware (other than pitchers)"," Action Level"," 1  �g/ml�leaching�solution"," CPG 545.450"," https://www.fda.gov/regulatory-information/search-fda-guidance-documents/cpg-sec-545450-pottery-ceramics-import-and-domestic-lead-contamination",
" Lead"," Ceramicware -�small hollowware (other than cups and mugs)"," Action Level"," 2 �g/ml�leaching�solution"," CPG 545.450"," https://www.fda.gov/regulatory-information/search-fda-guidance-documents/cpg-sec-545450-pottery-ceramics-import-and-domestic-lead-contamination",
" Lead"," Ceramicware -�flatware"," Action Level"," 3 �g/ml�leaching�solution"," CPG�545.450"," https://www.fda.gov/regulatory-information/search-fda-guidance-documents/cpg-sec-545450-pottery-ceramics-import-and-domestic-lead-contamination",
" Lead"," Silver-plated hollowware - product intended for use by adults"," Action Level"," 7 �g/ml�leaching�solution"," CPG 545.500"," https://www.fda.gov/regulatory-information/search-fda-guidance-documents/cpg-sec-545500-silver-plated-hollowware-lead-contamination",
" Lead"," Candy intended for small children"," Recommended Maximum Level"," 0.1 ppm"," Guidance for Industry: Lead in Candy Likely To Be Consumed Frequently by Small Children"," https://www.fda.gov/regulatory-information/search-fda-guidance-documents/guidance-industry-lead-candy-likely-be-consumed-frequently-small-children",
" Mercury"," Fish, shellfish, crustaceans, other aquatic animals (fresh, frozen or processed)"," Action Level"," 1 ppm methyl mercury in edible portion"," CPG�540.600"," https://www.fda.gov/regulatory-information/search-fda-guidance-documents/cpg-sec-540600-fish-shellfish-crustaceans-and-other-aquatic-animals-fresh-frozen-or-processed-methyl",
" Mercury"," Wheat (pink kernels only)"," Action Level"," 1 ppm on pink kernels and an average of 10 or more pink kernels per 500 grams"," CPG 578.400"," https://www.fda.gov/regulatory-information/search-fda-guidance-documents/cpg-sec-578400-treated-grain-seed-mercury-residue",
" Lead"," Processed food intended for babies and young children - fruits, vegetables (excluding single-ingredient root vegetables), mixtures (including grain- and meat-based mixtures), yogurts, custards/puddings, and single-ingredient meats"," Action Level"," 10 ppb"," Guidance for Industry: Action Levels for Lead in Processed Food Intended for Babies and Young Children"," https://www.fda.gov/regulatory-information/search-fda-guidance-documents/guidance-industry-action-levels-lead-processed-food-intended-babies-and-young-children",
" Lead"," Processed food intended for babies and young children -  single-ingredient root vegetables"," Action Level"," 20 ppb"," Guidance for Industry: Action Levels for Lead in Processed Food Intended for Babies and Young Children"," https://www.fda.gov/regulatory-information/search-fda-guidance-documents/guidance-industry-action-levels-lead-processed-food-intended-babies-and-young-children",
" Lead"," Processed food intended for babies and young children - dry infant cereals."," Action Level"," 20 ppb"," Guidance for Industry: Action Levels for Lead in Processed Food Intended for Babies and Young Children"," https://www.fda.gov/regulatory-information/search-fda-guidance-documents/guidance-industry-action-levels-lead-processed-food-intended-babies-and-young-children",
" Lead"," Juice"," Guidance Level"," 50 ppb"," Guidance for Industry: Juice Hazard Analysis Critical Control Point Hazards and Controls Guidance, First Edition"," https://www.fda.gov/regulatory-information/search-fda-guidance-documents/guidance-industry-juice-hazard-analysis-critical-control-point-hazards-and-controls-guidance-first",
